{"cameraMode":{"drawMode":0,"name":"Shaded","section":"Shading Mode"},"sceneLighting":true,"audioPlay":false,"sceneViewState":{"showFog":true,"showMaterialUpdate":false,"showSkybox":false,"showFlares":true,"showImageEffects":true,"showParticleSystems":true},"in2DMode":false,"pivot":{"x":265.482666015625,"y":463.26763916015627,"z":-0.04149484634399414},"rotation":{"x":0.09887871891260147,"y":0.8399356603622437,"z":-0.5079505443572998,"w":0.1635492742061615},"size":4.850864410400391,"orthographic":false}